{
  "Baseline": 0.32666666666666666,
  "L12_Strength_-0.01": 0.39,
  "L12_Strength_-0.05": 0.37666666666666665,
  "L12_Strength_-0.1": 0.3333333333333333,
  "L12_Strength_-0.2": 0.35,
  "L12_Strength_-0.5": 0.36666666666666664
}