{
  "Baseline": 0.33666666666666667,
  "L24_S-0.01": 0.36,
  "L24_S0.01": 0.32666666666666666,
  "L24_S0.1": 0.31,
  "L25_S-0.01": 0.3333333333333333,
  "L25_S0.01": 0.35,
  "L25_S0.1": 0.33,
  "L26_S-0.01": 0.37333333333333335,
  "L26_S0.01": 0.38666666666666666,
  "L26_S0.1": 0.3933333333333333,
  "L27_S-0.01": 0.35333333333333333,
  "L27_S0.01": 0.3333333333333333,
  "L27_S0.1": 0.38333333333333336
}