{
  "baseline": 0.31,
  "control_random": 0.06666666666666667,
  "spectral_steer": 0.22333333333333333
}