{
  "Baseline": 0.3433333333333333,
  "L13_S-0.01": 0.32666666666666666,
  "L13_S0.01": 0.32,
  "L13_S0.1": 0.30666666666666664,
  "L14_S-0.01": 0.3466666666666667,
  "L14_S0.01": 0.36666666666666664,
  "L14_S0.1": 0.36333333333333334,
  "L15_S-0.01": 0.3933333333333333,
  "L15_S0.01": 0.37,
  "L15_S0.1": 0.37,
  "L16_S-0.01": 0.3933333333333333,
  "L16_S0.01": 0.3433333333333333,
  "L16_S0.1": 0.37666666666666665,
  "L17_S-0.01": 0.3433333333333333,
  "L17_S0.01": 0.3433333333333333,
  "L17_S0.1": 0.37333333333333335,
  "L18_S-0.01": 0.33666666666666667,
  "L18_S0.01": 0.32666666666666666,
  "L18_S0.1": 0.37333333333333335,
  "L19_S-0.01": 0.37,
  "L19_S0.01": 0.35,
  "L19_S0.1": 0.35,
  "L20_S-0.01": 0.3466666666666667,
  "L20_S0.01": 0.32,
  "L20_S0.1": 0.3433333333333333,
  "L21_S-0.01": 0.38666666666666666,
  "L21_S0.01": 0.3466666666666667,
  "L21_S0.1": 0.37333333333333335,
  "L22_S-0.01": 0.3433333333333333,
  "L22_S0.01": 0.38,
  "L22_S0.1": 0.38,
  "L23_S-0.01": 0.3433333333333333,
  "L23_S0.01": 0.31,
  "L23_S0.1": 0.35
}