{
  "baseline": 0.37666666666666665,
  "control_random": 0.3566666666666667,
  "spectral_steer": 0.36
}