{
  "baseline": 0.5142857142857142,
  "L16_S1.0": 0.4642857142857143,
  "L16_S1.5": 0.5,
  "L16_S2.0": 0.4714285714285714,
  "L18_S1.0": 0.40714285714285714,
  "L18_S1.5": 0.4642857142857143,
  "L18_S2.0": 0.42857142857142855,
  "L20_S1.0": 0.15,
  "L20_S1.5": 0.5071428571428571,
  "L20_S2.0": 0.5357142857142857,
  "L22_S1.0": 0.55,
  "L22_S1.5": 0.7071428571428572,
  "L22_S2.0": 0.7214285714285714,
  "L24_S1.0": 0.7357142857142858,
  "L24_S1.5": 0.7928571428571428,
  "L24_S2.0": 0.6785714285714286
}