{
  "Baseline": {
    "PPL": 3.926168441772461,
    "Score": 0.75
  },
  "S-0.1": {
    "PPL": 3.9546396732330322,
    "Score": 0.75
  },
  "S-0.2": {
    "PPL": 4.051972389221191,
    "Score": 0.75
  }
}