{
  "Baseline": {
    "PPL": 3.926168441772461,
    "Logic": 1.0
  },
  "S0.1": {
    "PPL": 4.0046305656433105,
    "Logic": 1.0
  },
  "S0.3": {
    "PPL": 5.999682426452637,
    "Logic": 1.0
  },
  "S0.5": {
    "PPL": 67.48716735839844,
    "Logic": 1.0
  },
  "S0.8": {
    "PPL": 29490.048828125,
    "Logic": 0.0
  },
  "S1.0": {
    "PPL": 278132.90625,
    "Logic": 0.0
  }
}