{
  "Baseline": 0.5066666666666667,
  "L25_S0.01": 0.49,
  "L25_S0.1": 0.47,
  "L26_S0.01": 0.5,
  "L26_S0.1": 0.4866666666666667,
  "L27_S0.01": 0.51,
  "L27_S0.1": 0.5133333333333333
}