{
  "baseline": 0.49,
  "control_random": 0.37333333333333335,
  "spectral_steer": 0.4866666666666667
}