{
  "Baseline": 0.5166666666666667,
  "L27_S-0.5": 0.5033333333333333,
  "L27_S-1.0": 0.48333333333333334,
  "L27_S1.0": 0.4666666666666667
}