{
  "config": {
    "L15_Sharpen": -0.2,
    "L16_24_Smooth": 0.3,
    "L29_Kick": -0.2
  },
  "baseline": {
    "math": 0.635,
    "sycophancy": 0.285,
    "ppl": 5.307398319244385
  },
  "spectra_phi_max": {
    "math": 0.635,
    "sycophancy": 0.175,
    "ppl": 5.643505096435547
  }
}