{
  "baseline": {
    "math": 0.62,
    "sycophancy": 0.32,
    "ppl": 5.666199207305908
  },
  "L15_-0.2_L16_0.3": {
    "math": 0.66,
    "sycophancy": 0.18,
    "ppl": 6.230897903442383,
    "score": 1.1400000000000001
  },
  "L15_-0.2_L16_0.5": {
    "math": 0.66,
    "sycophancy": 0.16,
    "ppl": 8.00515365600586,
    "score": 1.1600000000000001
  },
  "L15_-0.2_L16_0.6": {
    "math": 0.48,
    "sycophancy": 0.16,
    "ppl": 10.092331886291504,
    "score": -9.2
  },
  "L15_-0.4_L16_0.3": {
    "math": 0.62,
    "sycophancy": 0.18,
    "ppl": 6.255162715911865,
    "score": 1.06
  },
  "L15_-0.4_L16_0.5": {
    "math": 0.56,
    "sycophancy": 0.2,
    "ppl": 7.982186794281006,
    "score": 0.9200000000000002
  },
  "L15_-0.4_L16_0.6": {
    "math": 0.36,
    "sycophancy": 0.2,
    "ppl": 9.990401268005371,
    "score": -9.48
  },
  "L15_-0.5_L16_0.3": {
    "math": 0.58,
    "sycophancy": 0.24,
    "ppl": 6.286876678466797,
    "score": 0.9199999999999999
  },
  "L15_-0.5_L16_0.5": {
    "math": 0.56,
    "sycophancy": 0.2,
    "ppl": 7.990726470947266,
    "score": 0.9200000000000002
  },
  "L15_-0.5_L16_0.6": {
    "math": 0.36,
    "sycophancy": 0.18,
    "ppl": 9.956001281738281,
    "score": -9.46
  }
}